image_filename,line_text
_0003_r110.png,"Νικόλαος Μαυροκορδάτος, ἄν καὶ ἀριστοκράτης"
_0016_r111.png,τῷ ἀποδίδει προτερήματα ἀλλ’ ὅτι ταῦτα οὐδόλως τὴν
_0028_r109.png,προηγουμένην ἡμέραν. Οὐδεὶς τῆς Ἀγγλικῆς
_0010_r108.png,"περίστασίν τινα ἐφάνη εὐεργετική, προσέδραμε"
_0025_r104.png,ὅπως καὶ αὐτὴ αὕτη ἡ Βασίλισσα ἔφερον δὲ
_0009_r113.png,παραλάβει Τοῦρκοι Στρατιῶται τὴν Μητέρα της
_0031_r101.png,εἰς τὰς τοιαύτας τελετάς. Περὶ τοῦ Drawing-room
_0041_r106.png,Πατέρα μας ὡραιοτάτην Miniature τοῦ λόρδου
_0036_r109.png,"ἡ θυγάτηρ μονογενὴς ἡ Δούκισσα τοῦ Praslin, εἶχεν ἀναλάβει"
_0015_r21.png,Ἀδελφῆς του Αἰκατερίνης λέγων ὅτι ἦτο μοναδικῆς
_0042_r103.png,"ἐν Πατησίοις οικίαν των, τοῦ Πατρὸς μὴ ἀποδεχθέντος"
_0024_r109.png,πλησίον Της αἱ θυγατέρες καὶ ἡ Νύμφη της
_0031_r102.png,"τούτου, τοῦ λαβόντος χώραν χάριν τῆς ἑορτῆς τοῦ"
_0019_r9.png,νὰ καταγίνει εἰς τὴν Γαλλικὴν διότι ἕνεκεν τῆς
_0014_r104.png,"κινδύνους, διότι αἱ καθ’ ὁδόν συναντήσεις ἦσαν"
_0022_r102.png,οὐδέποτε εἰσήρχετο εἰς ἄλλου οἰκίαν ἐπεσκέφθη
_0020_r11.png,τοσοῦτον τὸν δυσηρέστη ὥστε ἡμέραν τινὰ
_0029_r102.png,τοῦ Λονδίνου. Ἀστειότητες διεσταυροῦντο εἰς βάρος της
_0038_r100.png,διαφόρους ἐπαύλεις τῆς Ἀριστοκρατίας διαμονή
_0022_r106.png,Κουντουριώτη λέγουσα ὅτι διαμερίσματα μεγάλα τῆς οἰκίας
_0036_r107.png,πολύ τὸν Lieven διεδέχθη ὁ Pozzo di'- Borgo καὶ
_0041_r107.png,"Βύρωνος, τοῦ Isabey, -λέγων πρὸς αὐτὸν ὅτι ἡ εἰκὼν"
_0008_r115.png,"καλοκάγαθον τῆς Ἀγγλικῆς Πρεσβείας Ἱερέα, καὶ προσ"
_0034_r100.png,ἐπεσκέφθησαν πρῶτοι παρὰ τὴν παραδεδεγμένην
_0047_r107.png,σχέσεις τών σημερινῶν οἰκογενειῶν. Σεβασμὸς
_0045_r105.png,"τῆς ἐπιβλέψεώς της, καὶ τὴν ἐπίβλεψιν ταύτην"
_0040_r100.png,Ἡ ὡραιότης τῆς Μητρός μας ἐπροξένησε
_0008_r109.png,-ξεν εἰς τὴν Γαλλικὴν Πρεσβείαν ὅπου δὲν ἐγένετο
_0023_r112.png,"""ἡ χαρὰ ἡ ἰδική μας"". Καὶ ὁ Ναύαρχος"
_0044_r14.png,καὶ καλοσύνης λάμψις τῆς ἐκφράσεως.
_0010_r104.png,"βασάνων δηλ: τῶν πεπυρακτωμένων λαβίδων, καὶ"
_0025_r114.png,ὀλίγον ἐγενικεύθη ἡ ὁμιλία ὅτε μία τῶν Πριγκηπισσῶν
_0020_r6.png,τὴν παρουσίαν τῶν ξένων Ναυάρχων καὶ ἀξιωματικῶν.
_0006_r110.png,διήρχοντο τὴν ἡμέραν των καὶ εἰς τί κατεγίνοντο καὶ
_0030_r101.png,"μεγαλοφώνως, ""Ὁ Πρεσβευτὴς τῆς Ἑλλάδος καὶ ἡ"
_0007_r121.png,"-ναὶ, ἡ Μήτηρ μας καὶ ἡ Ἐξαδέλφη της (ἄλλη"
_0043_r109.png,"ὕδωρ τὸ τροφοδοτοῦν καὶ τὸν ἡμέτερον, καὶ ὅλους"
_0019_r4.png,ὅσων εἶδε καλλονῶν ἐν Ἑλλάδι ἡ ὡραιοτέρα κατὰ
_0018_r112.png,"εἴτε ἦσαν εἰς αὐτὴν γνωστοί, εἴτε ἄγνωστοι."
_0033_r115.png,"πολλὰ μέλη τῆς Ἀγγλικῆς ἀριστοκρατίας, ἐπροθυμοποιήθησαν"
_0043_r100.png,τὴν δύσιν τοῦ ἡλίου αἴφνης ἤκουσε κελάδημα ἀηδόνων
_0034_r101.png,"ἐθιμοτυπίαν, πρώτης ἐπισκέψεως προερχομένης τῆς"
_0003_r103.png,"ὅλων ὅσων ἐθεώρει ὠφελίμων, ὁ δὲ ἀπεριόριστος"
_0003_r114.png,ἐθιμοτυπίας ὅλας τῶν Φαναριωτῶν αἵτινες ἦσαν
_0025_r103.png,ὅλας κρατούσας ἑκάστης ἀνὰ χεῖρας ἐργόχειρόν τι
_0004_r19.png,Φαναριωτικῶν οἰκογενειῶν ὑπέφερον καταφανῶς
_0039_r100.png,μεγαλουπόλεως. Τῷ καιρῷ ἐκείνῳ δὲν ὑπῆρχον τὰ
_0002_r106.png,παντὸς διδασκάλου ὅπως μὴ γίνῃ γνωστὸν ὅτι
_0001_r107.png,τι καὶ μόνον εὐχαρίστως τὴν ἤκουον διηγουμένην
_0002_r103.png,"ἦτο ἀνεγνωρισμένη ἡ καλλονή της παιδιόθεν,"
_0022_r115.png,ἡ Armansberg ἠθέλησε νὰ λάβῃ στάσιν Βασιλίσσης
_0047_r102.png,Πατρός μας ἀποτροπιαζομένη τὰς συνωμοσίας
_0022_r108.png,"χαλκῶν, ἄλλο βαρυτίμων ὑφασμάτων καὶ οὕτω ἐφ’ ἑξῆς."
_0020_r12.png,"παρασυρθεὶς ἐκ τῆς συζητήσεως τῇ εἶπεν ""Ἂν"
_0046_r100.png,"ὅλας τὰς παρὰ τῆς ἐκκλησίας μας παραγγελίας,"
_0004_r109.png,"ἄνευ συναντήσεως, ἦτο ἠναγκασμένη νὰ"
_0013_r110.png,"τὴν ἐκδορὰν αὕτη, ἣν ὑπέστη ἡ εἰκών."
_0029_r101.png,ἐνεφανίζετο Ἑλληνὶς ἐν τῷ Διπλωματικῷ σώματι
_0028_r101.png,πρὸς μεγίστην δυσφορίαν τοῦ λοιποῦ
_0028_r100.png,"τὴν ἐκφορὰν ἦτο ἡ τῆς Ἑλληνικῆς Πρεσβείας,"
_0016_r102.png,ὅτι ἦτο καὶ πλούσιος καὶ τῇ ἐδήλωσεν ὅτι διακαής
_0006_r103.png,Μεθ’ ὑπερηφανείας ἠρέσκετο ἡ Μήτηρ μας νὰ ἀναφέρῃ
_0004_r20.png,μεγίστας στερήσεις κατὰ τὰ ἔτη τῆς Ἐπαναστάσεως
_0019_r2.png,"Εἷς δέ, οὗτινος τὸ βιβλίον ἐθεωρήθη σπουδαῖον, ἐν"
_0014_r23.png,εἰς Πρεσβείαν ἀπεμάκρυνε πᾶσαν ἐπισκόπησιν.
_0001_r111.png,δυνηθῶ ν’ ἀναπολήσω τώρα πλέον εἰμὴ ἀμυδρῶς
_0037_r113.png,ἐκεῖνο τὸ ὁποῖον τὴν κατέπλησσεν ἦτο ἡ εἰς τὰς
_0030_r108.png,καὶ εἰς τὰς μᾶλλον πεπειραμένας ἕνεκεν τοῦ
_0006_r115.png,"σκετο εἰς ""Ἀρναουτκιοή"" καὶ ἐκ τῶν παραθύρων αὐτῆς"
_0039_r105.png,60 ἄτομα καὶ ἐνίοτε μέχρι τῶν 70. Ἐδίδοντο
_0044_r9.png,ἀπαραμίλλου λεπτότητος χροιᾶς. Ἀγάλματα
_0023_r106.png,ταύτην προκαλέσασαι πικρὰ παρὰ πολλῶν παράπονα.
_0043_r114.png,"ὥστε, ἂν καὶ μακρὰν τῆς τότε πρωτευούσης, τὰ Πατήσια"
_0034_r113.png,"ὅλην οἰκογένειάν μας, ὡς Βασίλισσα, ἐξαιρετικὰς"
_0006_r114.png,-βρόντητος. Ἡ πατρικὴ τῆς Μητρός μας οἰκία εὑρί-
_0035_r102.png,ὅτι αὕτη ἐγίνετο προσωπικῶς πρὸς τὸν Κύριον
_0036_r103.png,στολὴ ἐθάμβωνε ἐκ τῶν πολυτίμων λίθων) τῆς πριγκ
_0016_r112.png,ἕλκυον καὶ δὲν ἐννόει νὰ συζευχθῇ ποτὲ ἄνδρα
_0025_r108.png,"τῇ ἔνευσε διὰ κλίσεως τῆς κεφαλῆς, διὰ τοῦ βλέμματος"
_0044_r6.png,"τὰ αἰσθήματα εὐγενεστάτης καρδίας, καὶ"
_0035_r106.png,Πρεσβείας οὐδέποτε παρεκάθισεν εἰς τοιαύτην
_0016_r108.png,ζητήματα τῶν συνοικεσίων καὶ ἀπήντησεν εἰς τὸν
_0015_r26.png,πρὸς νέαν τινά. Καὶ εἰς τὴν Ἀδελφήν του ὁ
_0015_r102.png,πλήθους ἦτο καὶ ὁ Πατήρ μας ὅστις ἀπέφυγε νὰ
_0033_r107.png,ἀπαραίτητος εἰς τὰς κοινωνικὰς τῆς Ἀγγλίας
_0011_r9.png,πλοίου ὅπου μόνον ἦτο δυνατὸν νὰ κρυβῶσιν οἱ
_0031_r114.png,λαμπρὰ καὶ ὡς ἐκ τῆς ἕξεως τῆς ὀρθοστασίας τῶν
_0039_r111.png,"αὐτούς, καὶ ἐν τούτοις δὲν παρετηρεῖτο εἰς τοὺς"
_0023_r100.png,τακτικὴν προσπαθήσασα νὰ τὴν φέρῃ εἰς διάστασιν
_0043_r111.png,εἶχον οἱ Γονεῖς μας γενικὴν ὑποδοχὴν. Τὸ μὲν θέρος
_0013_r106.png,ἀξιοσημείωτον ὅτι αἰχμὴ λόγχης Τουρκικῆς τὴν
_0044_r3.png,"ὡραιότερον τοῦ ἁπλῶς ὡραίου, ἦτο πρόσωπον"
_0041_r109.png,"αὕτη ἥρμοζε μᾶλλον νὰ κατέχεται παρ’ αὐτοῦ, ἢ τοῦ"
_0029_r107.png,ἂν θὰ ἐφαίνοντο μακρόθεν τὰ τῆς ἀνατολῆς
_0008_r110.png,δεκτή. Τὴν αὐτὴν τύχην ἔλαβε καὶ εἰς τὰς
_0044_r8.png,κανονικότητος χαρακτηριστικῶν καὶ
_0001_r109.png,ὅμως νὰ δίδω τὴν ἀπαιτουμένην προσοχὴν ὅπως
_0015_r25.png,ἤρχετο ἄν ποτε ἐλάμβανεν αἴσθημα ἰσχυρὸν
_0046_r102.png,τὰς θρησκείας τῶν ἄλλων. Αὐστηροτάτης
_0010_r111.png,"Μαυροκορδάτου, διότι οὗτος ὡς γείτων ἐκείνης,"
_0021_r111.png,ἡ ῥητὴ διαταγὴ τοῦ Καποδιστρίου! Καὶ μεθ’ ὅλας
_0024_r115.png,Ἰακώβου. Ὅταν τὸ ἑσπέρας ἡ Μήτηρ μας εἰσῆλθεν
_0041_r19.png,μας εἰς Ἑλλάδα. Ὑπάρχει δὲ ἰδιόχειρος ἐπιστολὴ τοῦ
_0016_r113.png,τὸν ὁποῖον νὰ μὴ συμπαθήσῃ πρὸ τοῦ Γάμου.
_0041_r115.png,Παλμερστῶνος πρὸς τὸν Πατέρα μας λέγουσα ὅτι
_0041_r116.png,παρήγγειλε τὸ πολεμικὸν τοῦτο νὰ μεταβῇ ἀπὸ
_0027_r103.png,διαμονὴν τῶν Γονέων μας ἐν Ἀγγλίᾳ οἱ ἐξόριστοι
_0005_r18.png,"-μα ποδογύρου φορέματος, συγκείμενον ἐκ ρόδων, ἴων,"
_0004_r108.png,καιρὸς πρὸς ἀποχώρησιν τῆς Μητρός μας
_0004_r101.png,ἄξιαι προσοχῆς αἱ προσαγορεύσεις πρὸς
_0030_r106.png,"της πρὸς τὰς παρισταμένας τελεία, ὅπως καὶ ἡ"
_0040_r104.png,"καθ’ ἥν ὥραν συνέπιπτε ν’ ἀναχωροῦν τινές,"
_0020_r9.png,μας εὐκαιρίαν ὅπως ἀποδοκιμάσῃ τὴν συμπεριφοράν
_0002_r107.png,ὑπῆρχε χριστιανὴ νέα ἐξαιρετικῆς ὡραιότητος
_0026_r110.png,"αἱ Πριγκήπισσαι, καὶ οὐδεμία τούτων παρεδέχετο"
_0042_r101.png,πολὺ ἡ Μήτηρ μας καὶ τὸ βρέφος κατὰ τὸ ταξείδιον.
_0042_r109.png,"πλουσίαν φυτείαν, εἴτε διότι δὲν ἐνέκρινε τὴν"
_0018_r100.png,καὶ ἔσπευσαν εἰς τὴν ἐκκλησίαν ὅπου πράγματι
_0038_r103.png,"Ἐπαύλεων, ἀλλ’ ἀληθῶς Ἀνακτόρων. τὰ εὑρισκόμενα"
_0032_r114.png,Τὴν ἑσπέραν τῆς αὐτῆς ἡμέρας ἐδόθη μέγα Διπλωματικὸν
_0042_r100.png,Μασσαλίας εἰς Τουλὼν ὅπως μὴ ταλαιπωρηθῇ
_0007_r26.png,θέᾳ ταύτῃ ὥστε ἔπεσεν ἀναίσθητος ἐπὶ τοῦ δαπέδου
_0016_r104.png,ἡ Μήτηρ μας ἔχουσα ἀτομικὴν ἐλευθερίαν
_0026_r112.png,ἀπεφασίσθη νὰ τεθῶσιν εἰς κλῆρον καὶ ἐγένετο
_0014_r25.png,ἀποτελέσματος ἔρευναν τῶν Τουρκικῶν Ἀρχῶν
_0032_r103.png,"καὶ σκέψεις της καὶ διασκεδαστικὰς παρεξηγήσεις,"
_0038_r107.png,Tὰ ἀπέραντα θερμοκήπια· οἱ θαυμάσιοι
_0011_r11.png,"ἡ ἀποκάλυψις ἦτο εὐχερής. Ἐπὶ τέλους πρωΐαν τινα,"
_0002_r102.png,δὲ τοῦ Ἀλεξάνδρου Μαυροκορδάτου. Τοσοῦτον
_0027_r111.png,τῶν Foires τοῦ St. Cloud. Ὁ δούξ d’ Aumale ἦτο
_0017_r101.png,ἐγεννήθη ἑκατέρωθεν αἴσθημα ἀκαριαῖον
_0017_r17.png,"δηλ: τῆς 7ης Ἰανουαρίου τοῦ 1826, τοῦ Ἁγίου Ἰωάννου"
_0030_r107.png,πρὸ τοῦ Βασιλέως ἥτις παρουσίαζε δυσχερείας
_0011_r13.png,"ἐπετεύχθη, καὶ ὅτι τὴν νύκτα θὰ παρελάμβανε τὰς"
_0001_r100.png,Πόσον θλίβομαι διότι οὐδέποτε ἐν ὅσῳ ἔζη ἡ
_0018_r106.png,"συναθροίσεων πολιτικῶν φίλων, Κυριῶν, καὶ ἄλλων,"
_0043_r106.png,καὶ ἐν ὥρᾳ νυκτὸς μετέφερεν ἐκεῖθεν φωλεὰς ἃς
_0032_r108.png,"ἀνὰ χεῖρας τὸν χρυσοκέντητον Σάκκον, τὸν"
_0008_r111.png,"ἄλλας Πρεσβείας, καὶ περιεπλανήθη καθ’ ὅλην"
_0043_r103.png,καὶ ἡ Μήτηρ μας ἀπήντησεν ὅτι ἐπιθυμοῦσα τοιαύτας νὰ ἔχῃ
_0017_r100.png,τὰ βλέμματά των κατὰ τὴν ὥραν τῆς ὑποδοχῆς
_0011_r3.png,πλοῖον οὕτινος ὁ Πλοίαρχος νὰ συγκατετίθετο νὰ προσλάβῃ
_0021_r113.png,μεταφέρῃ αὐτοῦ. Οἱ Ὑδραῖοι εἶναι γνωστὸν ὅτι
_0036_r111.png,παραπλεύρως τῆς Γαλλικῆς καὶ κατὰ τὰς χειμερινὰς
_0039_r114.png,τὴν διαμονήν των εἰς τοὺς ξενιζομένους.
_0009_r103.png,"νὰ φέρῃ πλησίον τῶν πρὸς αὐτὸν προσφυγουσῶν,"
_0013_r114.png,προωρισμένη πρὸς μεταφορὰν λέμβος εἰσῆλθεν εἰς
_0019_r7.png,ἐσύχναζεν εἰς τὴν οἰκίαν της καὶ ἐξήρχετο πολλάκις
_0032_r110.png,"δι’ Ἀρχιεπίσκοπον κρατοῦντα τὸ Εὐαγγέλιον,"
_0025_r107.png,τῆς Α.Μ. ἥτις ἔμεινε καθημένη καὶ ἥτις μειδιάσασα
_0036_r104.png,Lieven καὶ τοῦ Συζύγου της (λέγω τῆς Πριγκηπίσσης
_0039_r108.png,"ἱππευόντων διέσχιζον ἐπὶ ὥρας, κατ’ εὐθεῖαν"
_0035_r111.png,ὡς Chancellor τοῦ Πανεπιστημίου τοῦ Oxford καὶ
_0028_r104.png,Ἀνακτόρων δεξιώσεως τῆς ὀνομαζομένης ἐν Ἀγγλίᾳ
_0039_r101.png,"σημερινὰ λεγόμενα ""Week-ends"", Tότε ἐκαλοῦντο"
_0004_r100.png,"περιγράφῃ ἀλλὰ δὲν τὰς ἐνθυμοῦμαι, ἰδίως ἦσαν"
_0018_r113.png,Καὶ ξένοι περιηγηταὶ τὴν ἐπεσκέπτοντο.
_0027_r104.png,Πρίγκηπες ἐσύχναζον εἰς τὴν Ἐλληνικὴν
_0003_r107.png,οὐδὲν νὰ ὑστερῇ αὐτῆς καὶ προσηρμόζετο καθ’
_0024_r103.png,"εἰς τὰς παρουσιάσεις διατυπώσεων, προσῆλθεν ἐνώπιον"
_0022_r107.png,"των ἦσαν πλήρη ἄλλο μὲν ἀργυρῶν σκευῶν, ἄλλο"
_0041_r101.png,"ἀνεκάλει τὸν Πατέρα μας, ἡ μὲν Βικτωρία ἐδώρησεν"
_0002_r114.png,δι’ αὐτῶν ὡς σύζυγος τοῦ Πρέσβεως τῆς Ἑλλάδος εἰς τὰς
_0027_r108.png,ἡμέραν ἤρχοντο πανταχόθεν τὰ μέλη τῆς
_0025_r100.png,εἰς τὴν Βασιλικὴν Αἴθουσαν εὗρε τὴν Βασίλισσαν
_0041_r112.png,διέταξε πολεμικὸν ὅπως μεταφέρῃ τὴν οἰκογένειάν
_0006_r116.png,εἶδε τοὺς Πατέρας τῆς Ἐκκλησίας συρομένους εἰς τὴν
_0042_r113.png,"ἀποθαυμάζουσα τὰ ἐν αὐτῷ, λέγουσα ὅτι τὸν ἐζηλοτύπει"
_0032_r109.png,"περιέχοντα τὰς Σφραγίδας τοῦ Κράτους, τὸν ἐξέλαβε"
_0007_r102.png,τάξεως χριστιανοὺς τυραννουμένους καθημερινῶς εἰς τὴν
_0017_r108.png,τέλεσιν τοῦ μυστηρίου εἰς οὐδένα ἐποίησαν λόγον
_0032_r106.png,διέρχεται φέροντα τὸν μεγαλοπρεπὴ Μανδύαν
_0033_r110.png,τῶν μαθημάτων τῶν Πανεπιστημίων Πίζης καὶ
_0038_r104.png,ἁπανταχοῦ αὐτῶν ἐσπαρμένα ἀπειράριθμα
_0008_r106.png,"τραυματισθεῖσα τὴν κεφαλήν, ἡ δὲ Μήτηρ μας"
_0031_r107.png,ὅστις κατὰ τὴν ἐποχὴν ἐκείνην ἀντιπροσώπευε
_0018_r104.png,"ἡ κοινωνική της δρᾶσις, διότι ὁ οἶκος τοῦ Πατρός"
_0045_r107.png,"καθήκοντος, ἀλλὰ καὶ μετ’ εὐχαριστήσεως,"
_0031_r105.png,ἡ ἐκτελοῦσα χρέη οἰκοδεσποίνης εἰς τὴν
_0013_r112.png,ἀποτελέσματα τῆς λόγχης χωρὶς ποτὲ χρωστὴρ
_0013_r111.png,Μένει δὲ ἡ εἰκὼν μὲ τὰ
_0020_r3.png,μεγαλύτερος ὁ συνωστισμὸς τόσον ἐθεωρεῖτο εἰς τὴν
_0041_r100.png,Ὅτε δὲ ἐγένετο γνωστὸν κατὰ τὰ 1838 ὅτι ὁ Ὄθων
_0015_r22.png,"καλλονῆς, εὐφυΐας καὶ καλοσύνης, ἀλλ’ ὁ Πατήρ"
_0006_r108.png,-ψοτεχνήματα ἀξίας. Ὅτε δὲ κατελθοῦσα ἐν Ἑλλάδι ἐπε
_0030_r114.png,τοσοῦτον ἐθέλχθη ἐπὶ τῇ θέᾳ της ὥστε καὶ τῇ
_0040_r106.png,ἀπεκδύοντο τῶν ἐπενδυτῶν των καὶ ἀνήρχοντο ἐκ
_0031_r111.png,ἀπέκαμον ἐκ τῆς κοπώσεως ὅλαι αἱ τοῦ Διπλωματικοῦ
_0001_r112.png,ὅσα τότε ἤκουα. Ἦτο ἡ Μήτηρ μου ἡ τρίτη
_0042_r114.png,διὰ τὴν ὡραιότητά του. μείνασα ἡμέραν τινὰ μετὰ
_0015_r28.png,εἶχε φίλον νέον τινὰ καλούμενον Τρικούπην
_0022_r105.png,του. Ἡ Μήτηρ μας ἐθαύμασε τὸν πλοῦτον τῆς οἰκογενείας
_0006_r105.png,τῆς ἰδιοχείρου ἐργασίας των ταύτης. Μέχρι τέλους τῆς
_0030_r110.png,"κινήσεις τῆς φερούσης αὐτόν, ἀλλὰ καὶ ταύτην"
_0034_r104.png,μου παρὰ τῶν διαφόρων μελῶν τῆς Βασιλικῆς
_0005_r4.png,"ταῖς ἦτο γνωστὸν ὅτι μετὰ τὸν θάνατον τοῦ Πατρός του, ὁ"
_0042_r107.png,"αὐτὸν δυσμένειάν του, ἀλλ’ ἡ Βασίλισσα εἴτε διότι"
_0008_r112.png,τὴν νύκτα μεταξὺ τῶν Τούρκων ἄνευ ὅμως οὐδενὸς
_0039_r112.png,οἰκοδεσπότας οὔτε ἴχνος αὐταρεσκείας ἢ ὑπερηφανείας
_0007_r111.png,τοῦ κοιτῶνος της καὶ ὑπέστη ἀσθένειαν ἐπὶ ἑβδομάδας
_0017_r16.png,περὶ τῆς ἀποφασισθείσης ἡμέρας καὶ ἐνῷ
_0021_r102.png,"ἐξορίαν, ὁ Πατήρ μας ἐπὶ προφάσει τῆς ὑγείας"
_0045_r106.png,διεξῆγεν καθημερινῶς ὄχι μόνον ἕνεκεν
_0043_r112.png,"εἰς τὸν κῆπον, τὸν δὲ χειμῶνα ἐντὸς τῆς οἰκίας ἀλλ’"
_0003_r113.png,"ἰσότητος, τηρῶν ὁ ἴδιος κατ’ ἐπιφάνειαν τὰς"
_0008_r113.png,ἀπευκταίου ἐκτὸς μόνου τοῦ φοβεροῦ τρόμου. Περὶ τὴν
_0006_r109.png,σκέπτετο τὰς μεγάλας τοῦ τόπου Κυρίας τὰς ἠρώτα πῶς
_0044_r7.png,"ἀκτινοβόλου διανοίας, συνδεομένων μετὰ"
_0014_r100.png,"ἀσέληνος, ἐπεκράτει δὲ νηνεμία ἄκρα ὅτε ἐν"
_0021_r104.png,"Ὕδραν ὅπου οἱ ἄλλοι ἐξόριστοι, καὶ τοῦτο διότι"
_0010_r112.png,"κατοικῶν παραπλεύρως αὐτῆς, τὴν ἐγνώριζε καλῶς"
_0043_r105.png,Κουκουβαούνων κάνιστρα μετὰ μαύρων ὑφασμάτων
_0015_r104.png,τοῦ εἶχε προτείνει γάμον μεταξὺ αὐτοῦ καὶ τῆς
_0037_r106.png,θεάτρων παρεχωροῦντο ἀπαύστως εἰς τοὺς Γονεῖς
_0041_r102.png,"εἰς τὴν Μητέρα μας ἀδαμαντοκόλλητον μικρὰν πόρπην,"
_0005_r14.png,"ὡς πρὸς τὰ συμπλέγματα καὶ τοὺς χρωματισμούς, ὥστε"
_0021_r101.png,μετὰ τοῦ Καποδιστρίου καὶ οὗτος τὸν ἔστειλεν εἰς
_0024_r114.png,ἐνδυμασίας κατὰ τὴν ὑποδοχὴν τῆς Αὐλῆς τοῦ Ἁγίου
_0038_r109.png,ἁμαξοστάσια πλήρη ἁμαξῶν πάσης φύσεως ἦσαν
_0009_r100.png,Leaves ὄχι μόνον συμπεριεφέρθη εὐγενῶς
_0019_r8.png,"καὶ εἰς περίπατον μετ’ αὐτῆς, τὴν συνεβούλευε δὲ"
_0018_r102.png,συνώδευσαν τοὺς νεονύμφους εἰς τὴν οἰκίαν των.
_0002_r108.png,καὶ ἀφαρπασθῆ διὰ τὰ χαρέμια. Ἐστερήθη
_0006_r117.png,"ἀγχόνην, εἶδε τὸν δωδεκαέτιδα Γεώργιον Μαυρομιχάλην"
_0042_r110.png,"συμπεριφορὰν τοῦ Ὄθωνος πρὸς τὸν Πατέρα μας,"
_0008_r105.png,"της φρέατος, ὁπόθεν ἐξῆλθεν κατόπιν παράφρων,"
_0023_r113.png,Μιαούλης πράγματι μετ’ ὀλίγον ἐβάπτισε τὸν ἀδελφόν μου Χαρίλαον.
_0035_r100.png,ἑκάστην τοιαύτην ἔνδειξιν εὐνοίας Της διὰ τοῦ
_0009_r112.png,αὐτὴν λίαν τεταραγμένην διότι πρὸ ὡρῶν εἶχον
_0008_r107.png,παρακολουθουμένη ὑπὸ τῆς νεωτέρας της Ἀδελφῆς
_0001_r105.png,τις ν’ ἀνεύρῃ ἐν αὐταῖς ὡραιοτάτας σελίδας τῆς
_0028_r103.png,μας ἀφίκετο ἡμέρας τινὰς πρὸ τῆς μεγάλης τῶν
_0020_r8.png,"ὁ Καποδίστριας, δὲν παρέλειπε δὲ ποτὲ ἡ Μήτηρ"
_0022_r112.png,"λάμποντα ἐκ καθαριότητος, ἔχοντα εἰς τὸ βάθος αὐτῶν"
_0006_r107.png,εἴτε κατασκευαζούσης ἱματισμοὺς διὰ πένητας εἴτε κομ
_0015_r103.png,πλησιάσῃ τὰς Κυρίας διότι ὁ Μαυροκορδάτος
_0028_r106.png,ἐπισημότητος. Ἡ Μήτηρ μας θὰ ἐπαρουσιάζετο εἰς
_0024_r106.png,ὅτι κατὰ τὴν ἐν Παρισίοις διαμονήν της θὰ τὴν
_0031_r100.png,"ὡμίλησεν ἐπί τινα λεπτὰ τῆς ὥρας, πρᾶγμα ὅλως ἀσύνηθες"
_0001_r103.png,ὥστε ἁπλῶς ἂν ἠκολούθει ἡ γραφίς μου τὰς ἐκ
_0009_r110.png,τὴν μεγαλητέραν ὕπανδρον Ἀδελφὴν Σούτσου ἧς ὁ
_0034_r105.png,"Οἰκογενείας, ἡ Δούκισσα τοῦ Kent, Μήτηρ τῆς"
_0040_r110.png,"πρέσβευσιν. Ποιήματα ἐγράφοντο περὶ αὐτῆς, ὡς καὶ"
_0031_r104.png,"τῆς 29ης Μαΐου τοῦ 1834 ἡ Δούκισσα τοῦ Dino,"
_0043_r108.png,τῶν ἐχουσῶν τὰς ῥίζας των ὑπὸ τὸ νυχθημερὸν ῥέον
_0033_r108.png,συναθροίσεις καὶ ἐπειδὴ ὁ Πατήρ μας πρὸ τῆς
_0043_r110.png,"τοὺς ἄλλους, τῶν Πατησίων κήπους. Δὶς τῆς ἑβδομάδος"
_0025_r112.png,Orléans καὶ μετ’ αὐτὴν ὀνομαστὶ τὰς θυγατέρας
_0010_r116.png,καὶ βεβαίου θανάτου. Ἡμέραι ἐν τούτοις παρήρχοντο
_0015_r118.png,ὅστις ἦτο πολὺ ἀνώτερός του καὶ κατὰ τὴν
_0032_r102.png,"πρὸ αὐτῆς θεάματος, ἀπευθύνουσα πρός με ἐνίοτε"
_0039_r103.png,"ἡμερῶν, καὶ πολλάκις καὶ ἑβδομάδος ὁλοκλήρου,"
_0028_r108.png,Πατρός μας ἐπιδώσαντος τὰ διαπιστευτήριά του τὴν
_0046_r103.png,"ἠθικῆς ἡ ἰδία, ἦτο οἰκτήρμων εἰς τὰς"
_0011_r4.png,πρόσφυγας. Οἱ πάντες διετέλουν ὑπὸ τὸ κράτος φόβου
_0029_r111.png,"ἀμέμπτως, συνοδευομένην παρὰ Κυρίου φέροντος"
_0007_r115.png,εὐκαιρίαν ὁ μὲν υἱὸς ἐγένετο Μοναχὸς εἰς τὸ Ἅγιον
_0011_r12.png,ὁ Leaves περιχαρὴς ἀνήγγειλεν ὅτι τὸ ποθούμενον
_0024_r101.png,ἀφιχθεῖσα ἐκεῖ καὶ εἰδοποιηθεῖσα ὅτι θὰ ἐγίνετο
_0046_r113.png,πολιτικὴν καὶ τὰς συζητήσεις ἀλλ’ ἄνευ
_0046_r109.png,τῇ ἀπελπισίᾳ της. Τοὺς πένητας ἰδίαις χερσὶ
_0006_r111.png,"ἤκουε αὐτὰς ἀπαντώσας ""Καθησιὸ"" ἐχούσας παραπλεύ-"
_0027_r112.png,ὁ μόνος πλούσιος τῆς οἰκογενείας. Κατὰ τὸν
_0025_r106.png,"ἅμα τῇ ἐμφανίσει τῆς Μητρός μας, ἐκτὸς μόνον"
_0030_r111.png,εἶχε διδαχθῆ ἐπανειλημμένως παρὰ τῶν Πριγκηπισσῶν
_0038_r113.png,καὶ πάσης ἄλλης Κυρίας προερχομένης ἐκ πρωτευούσης Εὐρωπαϊκῆς
_0027_r114.png,"Πρέσβυς εἰς τὴν κηδείαν ἦτο ὁ Πατήρ μας, καὶ ἡ μόνη"
_0033_r106.png,Ἡ παρουσία τῆς Μητρός μας ἔκτοτε ἐθεωρήθη
_0008_r103.png,"χαρέμια, καὶ ἡ μὲν Ἐξαδέλφη τῆς Μητρός μας ἐν"
_0037_r108.png,τὰς τραγῳδίας κατέχουσα ἤδη ἀρκούντως τὴν
_0009_r109.png,τὴν οἰκίαν Μαυροκορδάτου ὅπου ὅμως εὗρε μόνον
_0024_r105.png,"ὑποδοχῆς, πρὶν δὲ ἀποχωρήσῃ τῇ εἶπεν ἡ Amélie"
_0027_r101.png,"ἑσπερινῶν τούτων ἐν τοῖς Ἀνακτόροις συναντήσεων,"
_0033_r104.png,μας. Τὴν ἐπαύριον δὲ κατέκλυζον τὴν Ἑλληνικὴν
_0014_r24.png,Μετὰ τὴν ἐπὶ τοῦ πλοίου ἄνευ ἀπευκταίου
_0022_r104.png,μετ’ αὐτῆς ἐπὶ πολὺ πρὸς κατάπληξιν τῶν συμπολιτῶν
_0006_r104.png,ἑκάστοτε ὅτι ἐπὶ ἔτη συνετηρήθη ὁ οἶκός των διὰ
_0009_r108.png,"πρὸς τὴν τύχην τῶν δραπετευουσῶν, μετέβη εἰς"
_0007_r120.png,ἀσθμένων ὅτι ἐγένετο γνωστὸν ὅτι δύο νέαι χριστια
_0040_r103.png,ἀλλὰ καὶ προσήρχοντο πολλάκις εἰς συναναστροφὰς ὅταν
_0038_r112.png,"οἰκίας της εὑρίσκετο ξενιζομένη ἐν αὐταῖς, ἀλλὰ"
_0024_r112.png,"εἰς πᾶσαν τυχὸν ἀπορίαν της, καὶ τὴν ὀδηγήσωσι καὶ"
_0046_r104.png,"παραπαιούσας, καὶ ὅτε τυχέως ἐμάνθανε"
_0047_r108.png,ἑκατέρωθεν καὶ ἀγάπη ἐκυριάρχει μεταξύ των.
_0025_r105.png,ἅπασαι ἁπλουστάτην περιβολήν. Ὅλαι ἠγέρθησαν
_0019_r6.png,"τοῦ Μαυροκορδάτου"". Ἐπὶ Κυβερνήτου ὁ Καποδίστριας"
_0007_r27.png,ραθύρων του. Τοιοῦτος δὲ ὑπῆρξεν ὁ κλονισμός της ἐπὶ τῇ
_0009_r111.png,"Σύζυγος πρὸ καιροῦ διετέλει ἐξόριστος, καὶ εὗρε"
_0026_r111.png,"νὰ ὑποχωρήσῃ πρὸς ἄλλην, αὐτοστιγμεὶ"
_0010_r117.png,καὶ ὁ εὐγενὴς Ἄγγλος Ἱερεὺς μεθ’ ὅλας του τὰς
_0031_r103.png,"Βασιλέως, γράφει ἔν τινι δημοσιευθείσῃ ἐπιστολῇ"
_0032_r112.png,διασκεδαστικὴν ὡς ἐφαρμοζομένης τῆς ἰδιότητος
_0003_r102.png,εἶχε καὶ πόθον ἀκατάσχετον ὅπως προσοικειωθῇ
_0008_r102.png,παραλάβωσι αὐθωρεὶ καὶ τὰς μεταφέρωσιν εἰς τὰ
_0037_r107.png,μας ἀλλ’ ἡ Μήτηρ μας εἶχε προτίμησιν διὰ
_0026_r101.png,ἰδιόρρυθμόν τι χρωματιστὸν λεπτὸν ἐργόχειρον
_0016_r103.png,"του πόθος ἦτο νὰ ἔβλεπεν αὐτὸν Σύζυγόν της, ἀλλ’"
_0003_r115.png,πολύπλοκοι. Ἠρέσκετο ἡ Μήτηρ μας νὰ τὰς
_0034_r103.png,οἰκογενείας. Μετὰ τὰς τυπικὰς δεξιώσεις τῶν Γονέων
_0024_r104.png,τῆς Βασιλίσσης καὶ ἔτυχε φιλοφρονεστάτης
_0017_r103.png,τῆς Μητρός μας τοσαύτην ἐνεποίησεν ἐντύπωσιν
_0028_r111.png,ὥστε ἰδέαν δὲν εἶχον οἱ ἐν ἀναμονῇ εὑρισκόμενοι
_0007_r28.png,τα ἀπέναντι τῆς οἰκίας της κρεμάμενον ἐκ τῶν πα-
_0020_r16.png,"Κυβερνήτης ἀπάντησε ""Πᾶς κανὼν ἔχει καὶ τὰς"
_0030_r104.png,"Γαλλίδων Πριγκηπισσῶν ἦτο ὄχι μόνον ἀνεπίληπτος,"
_0004_r112.png,"ἐπισκέψεως. Ὅλαι, ἢ μᾶλλον αἱ πλεῖσται, τῶν"
_0036_r113.png,ἢ δὲν μετέβαινεν ἡ Μήτηρ μας εἰς θέατρόν τι
_0037_r103.png,ὁ Δούξ ἐδολοφόνησε τοσοῦτον τραγικῶς τὴν
_0035_r114.png,ἑκάστην πεντηκονταετηρίδα. Τὸ θέαμα ἦτο λαμπρόν.
_0036_r106.png,"Πρεσβείας πρόσωπον) ὁ Miraflores κτλ. μετ’ οὐ, ὅμως,"
_0001_r108.png,"ποτέ μεν τοῦτο τὸ συμβάν, ποτέ δε ἐκεῖνο, χωρὶς"
_0026_r100.png,ἠρώτησεν ἄν πράγματι ἐν Ἑλλάδι ὑπῆρχεν
_0029_r110.png,εἰς τὴν αἴθουσαν καὶ ἐνδεδυμένην πολυτελῶς καὶ
_0035_r101.png,"τελετάρχου της, εἴτε ἐγγράφως εἴτε προφορικῶς,"
_0013_r108.png,"ἡ Μήτηρ μας ἐν τῇ κρύπτῃ της, καὶ οὕτω διέφυγε"
_0005_r12.png,νέας. Αἱ κατασκευαζόμεναι Μπιμπίλαι καὶ τὰ κεν
_0042_r112.png,μετὰ τῆς Μητρός μας ἐνῷ ἐπεριπάτει ἐν αὐτῷ
_0033_r116.png,ταῦτα ὅπως ἐπιδείξωσι πρὸς αὐτὸν ἐκτίμησιν καὶ τὸν
_0022_r113.png,"ἀνάκλιντρα ὅπως αἱ Αἴθουσαι, καὶ ἡ λέξις Μαγειρεῖα"
_0046_r107.png,βοηθήματα καὶ ἐνθαρρυντικὰς παραινέσεις
_0014_r102.png,ἐπέβησαν τῆς λέμβου ἥτις ἀπῆρε πορευομένη
_0003_r111.png,"τὸ γένος, ἦτο δημοκράτης τὸ φρόνημα καὶ"
_0037_r105.png,ἦτο ἀπαρηγόρητος. Θεωρεῖα τῶν διαφόρων
_0023_r105.png,"αὐτῆς, ἐνῷ ἄλλαι Κυρίαι ὑπέπεσαν εἰς τὴν παγίδα"
_0033_r102.png,"δηλ: ἡ Δούκισσα τοῦ Dino, ἡ Πριγκήπισσα τοῦ"
_0039_r102.png,εἰς τὰς ἐξοχὰς ταύτας ἐπὶ διαμονῇ πέντε ἤ ἓξ
_0027_r107.png,"ὡραίαν ἔπαυλίν του ὅπου, κατ’ ἔτος εἰς ὡρισμένην"
_0042_r106.png,χολωθεὶς διὰ παντοίων μέσων ἐξεδήλου τὴν πρὸς
_0034_r110.png,"ἐκδηλοῦσα πρὸς αὐτὴν ἰδιάζουσαν συμπάθειαν, ἣν"
_0007_r29.png,"Φάλαγγα. Εἶδε καὶ τὸν προσφιλέστατον θεῖόν της, κατοικοῦν-"
_0008_r114.png,αὐγὴν ἔμπνευσίς τις ἔφερεν εἰς τὴν μνήμην της τὸν
_0009_r104.png,καὶ πλοῖον ν’ ἀνεύρῃ ἀναχωροῦν δι’ Ἑλλάδα ὅπως
_0039_r106.png,"παραστάσεις, χοροὶ καὶ ὑπαίθριοι διασκεδάσεις"
_0033_r19.png,"Γυλφόρδου, ὄχι μακρὰν τοῦ Λονδίνου ὅπου ἐσύχναζον"
_0044_r13.png,τὸ κυριαρχοῦν κάλλος ἦτο ἡ πλήρης γλυκύτητος
_0019_r11.png,καταφανὲς ὅτι θὰ μετέβαινεν εἰς τὰς Αὐλὰς
_0029_r112.png,στολὴν παρεμφερῆ τῆς τοῦ Πρέσβεως τῆς Βαβαρίας
_0017_r110.png,ἐσυνεδρίαζεν ἡ Κυβέρνησις ὁ Πατήρ μας ἀπεσύρθη
_0008_r104.png,ἀπογνώσει ἐρρίφθη ἐντὸς ἀποξηραμένου τοῦ κήπου
_0034_r112.png,"ἄνοδόν της, πολλὰς δὲ ἐπιδαψίλευεν εἰς τὴν"
_0040_r101.png,τοιαύτην ἐντύπωσιν ἐν Λονδίνῳ ὥστε ὄχι μόνον
_0004_r103.png,Τὰ τελευταῖα ἐννέα ἔτη τῆς ζωῆς του ὁ Πατὴρ
_0044_r5.png,"καλλονήν, ἦτο πρόσωπον κατοπτρίζον ὅλα"
_0037_r110.png,εὐχερῶς τὰ ἐπὶ τῆς σκηνῆς ἀλλὰ καὶ τὰ
_0013_r116.png,πλησίον τῶν ἐν τῇ θαλάσσῃ βαθμίδων. Ἡ νύξ ἦτο
_0009_r114.png,ὅπως διὰ βασάνων τὴν ἀναγκάσουν νὰ εἴπῃ ὅσα περὶ
_0031_r108.png,"τὴν Γαλλίαν ἐν Λονδίνῳ, ὅτι ""διήρκεσε 3 ὅλας"
_0022_r109.png,Αἱ οἰκοδέσποιναι τῆς Ὕδρας εἶχον τὴν συνήθειαν
_0008_r100.png,Μαυροκορδάτου) κατοικοῦσα καὶ αὕτη ἐν Ἀρναουτκιοῄ
_0009_r106.png,ὅπως μὴ γίνῃ γνωστὸν ὅτι ἐφιλοξενοῦντο ἐν τῷ οἴκῳ
_0019_r13.png,καθυστερῇ κατὰ τοῦτο. Οὗτος δὲ ἐπέμενε νὰ δίδῃ
_0007_r100.png,μὲ λελυμένην τὴν χρυσήν του κόμην βαδίζοντα ἐν τῷ μέσῳ
_0032_r101.png,αὐτὴν περιεργείας καὶ ἀπορίας ἐκ τοῦ ἐκτυλισσομένου
_0044_r2.png,Τῆς Μητρός μας τὸ πρόσωπον ἦτο
_0035_r112.png,"τὴν τῆς ""Musical Festival"" εἰς τὴν Ἐκκλησίαν"
_0041_r105.png,γεγραμμένην. Ὁ Δοὺξ οὗτος ἐδώρησε καὶ εἰς τὸν
_0038_r105.png,ἀριστουργήματα τέχνης καὶ πλούτου. Αἱ πινακοθῆκαι
_0017_r107.png,ἀλλὰ πρὸς ἀποφυγὴν συγκεντρώσεως κατὰ τὴν
_0027_r113.png,θάνατον δὲ τῆς δουκίσσης d’ Orléans ὁ μόνος κληθεὶς
_0002_r110.png,νεαράν της ἡλικίαν ἀλλὰ τοσοῦτον ἦτο ἰσχυρὰ ἡ
_0013_r113.png,νὰ ἐπιδιορθώσῃ ταῦτα. Περὶ τὸ μεσονύκτιον ἡ
_0011_r14.png,"φιλοξενουμένας του, καὶ τὴν Μητέρα των ἣν θὰ"
_0020_r7.png,Καὶ περὶ πολιτικῶν πραγμάτων συνεχῶς τῇ ὡμίλει
_0021_r103.png,τῆς οἰκογενείας του παρεκάλεσε νὰ μὴ σταλῇ εἰς
_0004_r102.png,"ἰσοτίμους, καὶ πρὸς ὑποδεεστέρους τῶν Κυριῶν."
_0002_r111.png,θέλησίς της ὥστε εἰς τὸ μέλλον κατώρθωσε
_0046_r110.png,"ἐν ἀσθενείαις περιποιεῖτο καὶ ἐνοσήλευε,"
_0041_r104.png,διαλέκτους μὲ ἀφιέρωσιν κολακευτικὴν ἰδιοχείρως
_0043_r104.png,"ἔστειλε εἰς τὰ κτήματά μας Κηφισιᾶς, Ἀμαρουσίου καὶ"
_0042_r102.png,Εἰς Ἀθήνας οἱ Γονεῖς μας ἐγκαταστάθησαν εἰς τὴν
_0005_r13.png,-τήματα ἦσαν τοιαύτης τελειότητος καὶ καλλιτεχνίας
_0020_r13.png,ἠδυνάμην θὰ ἐξαλείφοντο ὅλοι οἱ ἄνω τῶν 40
_0017_r106.png,"Ὁ Γάμος τῶν Γονέων μας δὲν ἐβράδυνε νὰ γίνῃ,"
_0038_r102.png,ἐν Αὐταῖς καταφαίνεται. Τὸ μέγεθος τῶν λεγομένων
_0004_r107.png,πρὸς ἐπίσκεψιν καὶ δὲν ὑπῆρχεν ὁ ἀπαιτούμενος
_0009_r102.png,"ἐξεδήλωσεν, ὑποσχεθεὶς καὶ τὴν Μητέρα, ἄν δυνατὸν"
_0005_r5.png,Ἀλέξανδρος Μαυροκορδάτος κατελθὼν χάριν τῆς Ἐπα
_0034_r111.png,καὶ διετήρησε καὶ μετὰ τὴν εἰς τὸν θρόνον
_0019_r10.png,θέσεως καὶ τῆς ὑπεροχῆς τοῦ Συζύγου της ἦτο
_0017_r112.png,ὁ θεῖός μας. Παρατηρήσαντα τὰ ἄλλα μέλη τὴν
_0020_r15.png,"ἀδελφός μου"", παρετήρησεν ἡ Μήτηρ μας καὶ ὁ"
_0027_r106.png,προσκλήσεις ἀπαύστως εἰς τὴν πλησίον τοῦ Λονδίνου
_0036_r110.png,τὰς τιμὰς τοῦ οἴκου του. Ἡ Ἑλληνικὴ Πρεσβεία ἔκειτο
_0010_r109.png,καὶ διεβεβαίωσε τὰς Τουρκικὰς ἀρχὰς ὅτι ἡ ἐκεῖ
_0025_r110.png,"της, καὶ ἀσπασθεῖσα αὐτὴν ἐπαρουσίασεν εὐθὺς"
_0022_r116.png,ἀλλ’ ἀντιλήφθη ταχέως ὅτι τὸ τοιοῦτον ἀπέναντι
_0025_r113.png,της καὶ ἤρχισε νὰ ἐρωτᾶ πολλὰ περὶ Ἑλλάδος. Μετ’
_0036_r105.png,διότι αὕτη ἐθεωρεῖτο τὸ κύριον τῆς Ρωσσικῆς
_0047_r111.png,μεγάλας καταδρομὰς τῆς τύχης αὕτη ἡ
_0024_r107.png,ἔβλεπεν εὐχαρίστως εἰς τ’ Ἀνάκτορα καθ’ ἑκάστην
_0023_r115.png,"τοῦ Πατρός μας διορισθέντος πρεσβευτοῦ εἰς Ἀγγλίαν,"
_0039_r107.png,ἐξερχόμενοι δέ ἐφ’ ἁμαξῶν τινὲς τῶν μὴ
_0009_r105.png,"τὰς ἐπιβιβάσῃ ἀσφαλῶς ἐπ’ αὐτοῦ, συνέστησε μόνον"
_0023_r102.png,"ἐρωτήσεις περὶ τῆς ποιότητος μιᾶς ἑκάστης τούτων,"
_0003_r112.png,ἐνέπνευσεν εἰς τὴν θυγατέρα του αἰσθήματα
_0011_r7.png,πρὸς ἀποκάλυψιν ἐπιβατῶν εἰς τὰ σιτοφόρα ἦτο
_0031_r112.png,"Σώματος Κυρίαι, ἐκτὸς μόνον τῆς ὡραίας Συζύγου"
_0046_r112.png,ἐξετέλει καθῆκον ἱερόν. Ἠγάπα τὴν
_0011_r8.png,ἡ διὰ βυθιζομένων λογχῶν ἐντὸς τῶν φορτίων τοῦ
_0032_r105.png,ὡς λόγου χάριν ὅτε εἶδε τὸν Chancelier νὰ
_0040_r111.png,νέαι τῆς Ἀριστοκρατίας τῇ ἔστελλον στίχους
_0034_r106.png,"15ετοῦς Πριγ Βικτωρίας, καὶ μελλούσης Βασιλίσσης"
_0019_r15.png,δὲν ἦτο κατάλληλος πρὸς τοιαύτας ὑποδοχὰς καὶ
_0044_r12.png,"ἀπέδωσεν μᾶλλον θαυμασίους χρωματισμούς, ἀλλὰ"
_0005_r17.png,εἰς τὰς Πρεσβείας καὶ τὰ Χαρέμια. Φαίνεται ὅτι ἓν κόσμη
_0043_r107.png,ἐτοποθέτησεν ὑψηλὰ ἐπὶ τῶν κλάδων τῶν μεγάλων λευκῶν
_0047_r101.png,της. Συνεμερίζετο πάντοτε τὰς γνώμας τοῦ
_0047_r109.png,"Διαπληκτισμοί, λογομαχίαι καὶ διαφωνίαι"
_0010_r115.png,οὕτω ἐσώθη αὕτη ἐκ φοβερᾶς δοκιμασίας
_0030_r109.png,μακροῦ μανδύα ὅστις εὐκόλως παρεκώλυε τὰς
_0026_r109.png,ἀλλ’ ἐπειδὴ αἱ Μπιμπίλαι δὲν ἦσαν ὅσαι καὶ
_0021_r106.png,"μέτρα, καὶ ἐνῷ μὲν τῷ ἐδόθη ἡ ὑπόσχεσις ὅτι"
_0045_r112.png,"παραδόσεις, παρακολουθοῦσα καὶ ἐμπράκτως"
_0023_r111.png,"ἦτο"" ‘ἡ χαρὰ τοῦ λαοῦ"" ὁ υἱός μας θὰ εἶναι"
_0018_r103.png,Ἐκ τῆς ὥρας ἐκείνης ἤρχισεν διὰ τὴν Μητέρα μας
_0031_r106.png,Γαλλικὴν Πρεσβείαν ὡς Ἀνεψιὰ τοῦ Τalleyrand
_0027_r115.png,διπλωματικὴ ἅμαξα ἡ παρακολουθήσασα κατὰ διαταγὴν
_0016_r114.png,Παραδόξως ὅμως μόλις μακρόθεν συνηντήθησαν
_0011_r17.png,αὐθωρεὶ πλοίου δι’ Ἑλλάδα. ἠρώτησε δὲ τὴν Μητέρα μας
_0007_r117.png,ἔχαιρον μεγίστης ἐκτιμήσεως ἀμφότεροι. Μετὰ πάρο
_0022_r114.png,ἐφαίνετο ὡς παραφωνία. Κατὰ τὴν Ἀντιβασιλείαν
_0029_r109.png,"καλλονῆς, μεγαλοπρεπείας καὶ χάριτος εἰσερχομένην"
_0036_r112.png,ἑσπέρας ὁπότε δὲν ὑπῆρχον ἄλλαι συναναστροφαὶ
_0006_r106.png,"ζωῆς της τὸ ἐργόχειρον δὲν ἀπέλειπε τῶν χειρῶν της,"
_0033_r101.png,διὰ πρώτην φορὰν καὶ αἱ Κυρίαι τῶν Πρέσβεων
_0027_r109.png,οἰκογενείας Orléans ὅπως λάβωσιν μέρος εἰς τὴν
_0030_r103.png,χάρις εἰς τὰς συμβουλὰς καὶ τὰς ὁδηγίας τῶν
_0002_r109.png,οὕτω σχεδὸν ἐντελῶς παιδεύσεως κατὰ τὴν
_0026_r105.png,"ἑαυτῆς τὰ χρειώδη πρὸς τὴν ἐργασίαν ταύτην, ἀλλ’"
_0011_r15.png,ἔσπευδε νὰ φέρῃ πλησίον των καὶ διὰ λέμβου
_0035_r109.png,παρέστη αὕτη καὶ εἰς δύο μεγαλοπρεπεστάτας
_0032_r111.png,καθίστα δὲ τὴν παρεξήγησιν ταύτην ἔτι μᾶλλον
_0019_r3.png,"Ἀγγλία, ἔλεγε περὶ τῆς Μητρός μας ὅτι ""ἐξὅλων"
_0004_r111.png,ἐντὸς αὐτῆς κεκρυμμένη μέχρις τῆς λήξεως τῆς
_0020_r5.png,ἔλεγεν ὅπως ἀποσβέσῃ τοὺς ἐνδοιασμούς της ὡς πρὸς
_0020_r10.png,του πρὸς τοὺς ἄνδρας τοῦ Ἀγῶνος καὶ τὸ τοιοῦτον
_0027_r110.png,ἐν τῷ κήπῳ του Foire ἥτις ἐδίδετο εἰς ἀνάμνησιν
_0010_r107.png,"μαρτυρίαν, Τοῦρκος γείτων πρὸς ὃν τυχαίως εἰς"
_0001_r104.png,τοῦ στόματός της ῥεούσας ἀναμνήσεις θὰ ἠδύνατό
_0019_r14.png,καὶ συναναστροφὰς ἂν καὶ ὁ ἐν Αἰγίνῃ οἶκος της
_0032_r104.png,Chancelier) (Lord
_0002_r112.png,"νὰ γίνῃ κάτοχος ὄχι μόνον τῆς Ἑλληνικῆς, ἀλλὰ"
_0027_r100.png,Louis-Philippe καὶ τῶν Γονέων μας ἕνεκεν τῶν
_0034_r102.png,ἐκ τῶν ἀφικνουμένων Πρεσβευτῶν πρὸς τὰς τοῦ τόπου
_0023_r108.png,ἱστορίαν τῆς Ἑλλάδος εἶπεν εἰς τὸν Πατέρα μας
_0028_r105.png,"καὶ ἥτις γίνεται μετὰ μεγίστης ""Drawing Room"" -"
_0029_r106.png,ἤ θὰ ἠδύνατο νὰ βαδίσῃ ἐπὶ τοῦ στίλβοντος δαπέδου.
_0004_r105.png,του καὶ ὡς ἐκ τούτου ἡ θυγάτηρ εὑρίσκετο
_0013_r103.png,δὲν ἦτο ἔργον τέχνης καὶ ἐν τούτοις οὐδέποτε
_0029_r100.png,καὶ ἡ περιέργεια ἦτο μεγάλη διότι τὸ πρῶτον θὰ
_0019_r5.png,πολὺ ἦτο ἡ Σύζυγος τοῦ Τρικούπη καὶ Ἀδελφὴ
_0011_r5.png,τῆς τῶν Τουρκικῶν Ἀρχῶν ἐρεύνης ἥτις ἦτο εἰς
_0037_r109.png,Ἀγγλικὴν ὥστε νὰ δύναται νὰ παρακολουθῇ
_0047_r103.png,καὶ τὰ ἔκρυθμα κινήματα. Ἔδιδε λόγον καὶ τῶν
_0043_r113.png,"αἱ ἐπισκέψεις ἤρχοντο πρὸς αὐτοὺς καθημερινῶς,"
_0034_r114.png,"περιποιήσεις, μὴ παραλείπουσα νὰ διαμηνύῃ εἰς"
_0020_r4.png,Εὐρώπην ἐπιτυχεστέρα ἡ συναναστροφὴ καὶ τοῦτο
_0033_r103.png,Lieven καὶ ὅλαι αἱ ἄλλαι καθὼς καὶ ἡ Μήτηρ
_0023_r104.png,ἐλάμβανεν ὥστε νὰ δύναται νὰ ποιήσῃ χρῆσιν
_0013_r107.png,διετρύπησεν ἐνῷ τὴν ἐκράτει ἐν τῇ ἀγκάλῃ της
_0014_r19.png,"ἀδιάκοποι καὶ συνεχεῖς, οἱ διασταυρούμενοι"
_0021_r105.png,ἀποτροπιάζετο τὰς συνωμοσίας καὶ τὰ ἔκρυθμα
_0017_r111.png,"ἡσύχως αὐτῆς, μετὰ βραχύτατον χρόνον τὸν ἠκολούθησεν"
_0024_r110.png,"Orléans μετὰ τῶν ἐργοχείρων των, καὶ ὅτι αἱ"
_0022_r110.png,νὰ διέρχωνται ὥρας πολλὰς καὶ νὰ δέχωνται εἰς
_0014_r21.png,ἄλλων λέμβων διάλογοι. ἡ διδομένη ὅμως
_0015_r101.png,συνώδευσαν αὐτὴν εἰς τὴν οἰκίαν του. Μεταξὺ τοῦ
_0007_r25.png,"σθέντος, ἀπογοητευμένα τῆς κοσμικῆς ζωῆς, εἰς πρώτην"
_0029_r114.png,ὑποδοχῶν τελετάρχην ὅστις ἐχαιρέτα ἐδαφιαίως
_0037_r112.png,"καὶ τὴν Malibran, τὴν ἔθελγον. Πρὸ πάντων ὅμως"
_0047_r104.png,παραμικροτέρων πράξεών της εἰς τὸν Πατέρα
_0038_r106.png,των· Aἱ Βιβλιοθῆκαί των· Tὰ ἀγάλματα· οἱ κῆποι
_0010_r20.png,τῶν ἐξαγριωμένων Γαλῶν τὴν ἐκβιάσωσιν εἰς
_0028_r110.png,κοινωνίας εἶχεν εἰσέτι ἴδει τὴν Μητέρα μας
_0045_r102.png,"ἐκ τῶν παρειῶν, ἐκ τοῦ μετώπου της προσλαμβάνοντος"
_0042_r104.png,"τὸν ἐν Κωνσταντινουπόλει διορισμόν του ὡς Πρεσβευτοῦ,"
_0005_r10.png,"κρυπτῷ, νυχθημερὸν ἐργασίαν τῶν τριῶν Ἀδελφῶν τοῦ"
_0035_r110.png,τελετάς: Τὴν τῆς ἐκλογῆς τοῦ Δουκὸς τοῦ Wellington
_0035_r104.png,Γραμματέα ὄντα τῆς Ἑλληνικῆς Πρεσβείας προσεκάλει
_0018_r111.png,"αὐτήν, καὶ νὰ ὑποδέχεται τοὺς πάντας προσηνῶς"
_0039_r109.png,"γραμμήν, τὸ κτῆμα διερχόμενοι δάση, ἀγρούς,"
_0004_r106.png,"διαρκῶς πλησίον του, καὶ ἄν ποτε ἤρχετό τις"
_0007_r119.png,Τοῦρκος ἦλθε δρομαῖος εἰς τὴν οἰκίαν καὶ εἰδοποίησεν
_0032_r113.png,"τοῦ κληρικοῦ εἰς τὸν λόρδον Βrougham""."
_0020_r14.png,"ἐτῶν Ἕλληνες"". ""Ἄρα καὶ ὁ σύζυγός μου καὶ ὁ"
_0021_r110.png,παρατηρήσεως γενομένης ἀπήντησεν ὅτι αὕτη ἦτο
_0003_r104.png,"θαυμασμός της πρὸς τὸν Πατέρα μας, οὗτινος"
_0026_r107.png,"ἔργα τῶν χειρῶν της, καὶ τὰ προσέφερεν εἰς τὰς"
_0020_r2.png,"καί τῇ ἔλεγεν, ὅπως τὴν ἐνθαρρύνῃ, ὅτι ὅσον"
_0001_r101.png,Μήτηρ μας διῆλθε τοῦ νοός μου νὰ γράψω τὰ τοῦ
_0030_r102.png,"Κυρία Τρικούπη"". Ἡ ἐνδυμασία τῆς Μητρός μας"
_0026_r103.png,ἐξέφρασεν ἐπιθυμίαν ὅπως ἴδωσι πῶς κατασκευάζεται
_0016_r109.png,Ἀδελφόν της νὰ ἐγκαταλείψῃ πᾶσαν σκέψιν περὶ
_0004_r110.png,φύγῃ εἰς ἱματοθήκην τινὰ καὶ νὰ μείνη
_0029_r108.png,ψιμύθια κτλ. κτλ. Ὅτε σπανίας παρετηρήσασαι Κυρίαν
_0023_r114.png,"Ὅτε ἀνεχώρησεν ἡ Μήτηρ μας εἰς Παρισίους,"
_0008_r108.png,"καὶ τῆς θετῆς νέας, πηδήσασα ἐκ τοῦ παραθύρου ἔτρε-"
_0035_r103.png,καὶ τὴν Κυρίαν Τρικούπη. Καὶ τὸν Χαρίλαον
_0046_r105.png,ὅτι δυστυχὴς κόρη εὑρίσκετο ἐν ἀπογνώσει
_0002_r105.png,ἀπέφυγον τὴν εἴσοδον εἰς τὴν οἰκίαν των
_0045_r104.png,Οὐδεμίαν οἰκιακὴν ἐργασίαν ἐθεώρει κατωτέραν
_0026_r106.png,"ἔφερε πρὸς τούτοις καὶ διάφορα μικρὰ ἀντικείμενα,"
_0045_r110.png,Ἀνακτορικὰς τῆς Ἀγγλίας δεξιώσεις. Ἂν
_0011_r16.png,τῆς ἐμπιστοσύνης του θὰ ἐπιβίβαζεν ἐπὶ ἀναχωροῦντος
_0015_r100.png,ὑποδοχὴν τῆς οἰκογενείας τοῦ Μαυροκορδάτου καὶ
_0040_r109.png,κατὰ τὴν τελευταῖαν τοῦ Πατρός μας δωδεκαετῆ
_0033_r112.png,κατόπιν Παρισίων εἰς τὴν ἔπαυλιν τοῦ λόρδου
_0047_r112.png,σύμπνοια ἦτο ἡ ἀνακούφισις καὶ παρηγορία
_0039_r113.png,ἀλλὰ μόνον προσπάθεια νὰ καταστήσωσιν εὐάρεστον
_0006_r102.png,κατὰ τὴν ἐποχὴν ἐκείνην εἰσοδυνάμουν μὲ τάλληρα.
_0018_r108.png,"εὑρέθη ἡ Μήτηρ μας, μετὰ τὸν γάμον της,"
_0031_r113.png,τοῦ νεοαφιχθέντος Πρεσβευτοῦ τῆς Ἑλλάδος ἥτις ἄνθεξε
_0037_r104.png,θαυμασίαν κατὰ πάντα Σύζυγόν του ἡ Μήτηρ μας
_0024_r113.png,ὡς πρὸς τὰ καθέκαστα τῆς πολυπλόκου ἐπισήμου
_0023_r110.png,Χαρίλαον διότι ὅπως ὁ τῆς ἱστορίας Χαρίλαος
_0005_r2.png,"καὶ τὴν ἐνδυμασίαν εἶχεν ὁπωσδήποτε κομψήν, πρὸς"
_0026_r108.png,"παρευρισκομένας πρὸς μέγιστον ἐνθουσιασμόν των,"
_0026_r104.png,"τοῦτο, καὶ ἡ Μήτηρ μας τὴν ἐπαύριον ἔλαβε μεθ’"
_0038_r108.png,σταῦλοι μετὰ τῶν πολυπληθῶν ἵππων των· καὶ τὰ
_0021_r109.png,ὁ πλοίαρχος ἐστράφη πρὸς τὴν Ὕδραν καὶ
_0022_r100.png,ἔτρεφον ἀπεριόριστον ἐκτίμησιν πρὸς τὸν Πατέρα
_0014_r101.png,σιγῇ καὶ ἀγωνιώδει φόβῳ αἱ καταδιωκόμεναι
_0021_r108.png,"αὐτὸν μετὰ τῆς οἰκογενείας του ἐξῆλθον τοῦ λιμένος,"
_0026_r102.png,ἄγνωστον ἐν Εὐρώπῃ. Ὅλαι δὲ καὶ αὐτὴ ἡ Βασίλισσα
_0005_r11.png,"Μαυροκορδάτου, καὶ τῆς παρ’ αὐταῖς εὑρισκομένης θετῆς"
_0015_r24.png,πρότασιν εἰπὼν ὅτι οὗτος μόνον εἰς γάμον θὰ
_0040_r107.png,νέου ὅπως τὴν ἴδωσι. Τοῦτο δὲ ἤκουσα παρὰ
_0035_r108.png,ἡμέρας τῆς διαμονῆς τῆς Μητρός μας ἐν Λονδίνῳ
_0007_r118.png,"δον χρόνου, ἡμέραν τινά, ἀγαθὸς καὶ εὔσπλαχνος"
_0043_r101.png,καὶ ἐν ἀπορίᾳ ἠρώτησε πῶς συνέβαινε τοῦτο ἀφοῦ
_0038_r110.png,ἱκανὰ νὰ κινήσουν τὸν θαυμασμὸν ὄχι μόνον
_0047_r110.png,ἐν τῷ οἴκῳ μας ἦσαν ἄγνωστα. Καὶ εἰς τὰς
_0034_r109.png,"νὰ ἔχῃ διαρκῶς πλησίον της τὴν Μητέρα μας,"
_0037_r111.png,"μελοδράματα μὲ τὴν Grizi εἰς τὴν ἀκμήν της,"
_0045_r108.png,διετήρει δὲ καὶ ἐν ταύτῃ τὴν ἐπιβλητικὴν
_0040_r102.png,"Κύριοι καὶ Κυρίαι ἐπεδίωκον τὴν γνωριμίαν της,"
_0030_r113.png,κρίσιμον στιγμὴν τῆς παρουσιάσεως ὁ δὲ Βασιλεὺς
_0017_r113.png,"ἀπουσίαν των ταύτην, ὑποπτεύθησαν ὅτι τελεῖται ὁ Γάμος"
_0024_r100.png,ἦτο ἤδη κάτοχος τῆς Γαλλικῆς ὥστε μόλις
_0002_r113.png,"καὶ τῆς Γαλλικῆς καὶ τῆς Ἀγγλικῆς, διαλάμψασα"
_0046_r111.png,πάντα δὲ ταῦτα ἔπραττε ἀφελῶς ὡσὰν νὰ
_0002_r101.png,"Σμαράγδας θυγατρὸς τοῦ Αὐθέντου Καρατζᾶ, ἀδελφὴ"
_0035_r107.png,τῆς Ἀγγλικῆς Αὐλῆς Ἑστίασιν. Κατὰ τὰς πρώτας
_0041_r111.png,ἐπὶ τῷ θανάτῳ τοῦ ποιητοῦ λόγον. Καὶ ὁ λόρδος Palmerston
_0010_r103.png,"πῶς, ἐνῷ ἦσαν τὰ πάντα ἕτοιμα ὅπως διὰ τῶν συνήθων"
_0021_r100.png,"ἐξαιρέσεις του"". Ὅταν δὲ ὁ Πατήρ μας διεφώνησεν"
_0017_r105.png,ποιήματα ἐψάλλοντο ἐν τοῖς ὁδοῖς περὶ αὐτῆς.
_0019_r12.png,τῆς Εὐρώπης καὶ θὰ τῇ ἦτο δυσάρεστον νὰ
_0015_r23.png,μας ἀπέκρουσε διαρρήδην τὴν τοιαύτην
_0016_r100.png,παιδείαν καὶ κατὰ τὴν εὐφράδειαν καὶ ῥητορικὴν
_0003_r105.png,"ἡ συμπεριφορὰ ἦτο λεπτοτάτη, δὲν ἤθελε κατ’"
_0039_r110.png,χωρία τὰ πάντα ἀνήκοντα εἰς τοὺς ξενίζοντας
_0008_r116.png,ελθοῦσα εἰς τὴν οἰκίαν του ἐπεκαλέσθη τὴν προστασίαν του. Ὁ
_0003_r101.png,"πνεῦμα ἐρευνητικὸν, ἀντιλαμβανομένη τῶν πάντων,"
